
{
  "entities": {
    "WeatherReport": {
      "title": "Weather Report",
      "type": "object",
      "description": "Represents a daily weather report for a specific location.",
      "properties": {
        "temperature": {
          "type": "number"
        },
        "humidity": {
          "type": "number"
        },
        "precipitation": {
          "type": "number"
        },
        "wind": {
          "type": "number"
        },
        "locationName": {
          "type": "string"
        },
        "timestamp": {
          "type": "string",
          "format": "date-time"
        }
      },
      "required": [
        "temperature",
        "humidity",
        "precipitation",
        "wind",
        "locationName",
        "timestamp"
      ]
    },
    "WaterLevelReading": {
      "$schema": "http://json-schema.org/draft-07/schema#",
      "title": "WaterLevelReading",
      "type": "object",
      "description": "Represents a water level reading at a specific point in time.",
      "properties": {
        "id": {
          "type": "string",
          "description": "Unique identifier for the water level reading."
        },
        "sensorId": {
          "type": "string",
          "description": "Reference to Sensor. (Relationship: Sensor 1:N WaterLevelReading)"
        },
        "levelCm": {
          "type": "number",
          "description": "Water level in centimeters."
        },
        "readingTimestamp": {
          "type": "string",
          "description": "Timestamp of when the reading was taken.",
          "format": "date-time"
        }
      },
      "required": [
        "id",
        "sensorId",
        "levelCm",
        "readingTimestamp"
      ]
    },
    "Sensor": {
      "$schema": "http://json-schema.org/draft-07/schema#",
      "title": "Sensor",
      "type": "object",
      "description": "Represents a sensor that measures water levels.",
      "properties": {
        "id": {
          "type": "string",
          "description": "Unique identifier for the sensor."
        },
        "name": {
          "type": "string",
          "description": "Name of the sensor."
        },
        "location": {
          "type": "string",
          "description": "Location of the sensor (e.g., latitude, longitude)."
        }
      },
      "required": [
        "id",
        "name",
        "location"
      ]
    },
    "IncidentReport": {
      "$schema": "http://json-schema.org/draft-07/schema#",
      "title": "IncidentReport",
      "type": "object",
      "description": "Represents an incident report submitted by a user.",
      "properties": {
        "id": {
          "type": "string",
          "description": "Unique identifier for the incident report."
        },
        "userId": {
          "type": "string",
          "description": "Reference to UserProfile. (Relationship: UserProfile 1:N IncidentReport)"
        },
        "location": {
          "type": "string",
          "description": "Location of the incident reported (e.g., latitude, longitude)."
        },
        "incidentType": {
          "type": "string",
          "description": "Type of incident reported (e.g., flood, clogged drain)."
        },
        "description": {
          "type": "string",
          "description": "A user-provided description of the incident."
        },
        "photoUrl": {
          "type": "string",
          "description": "URL of the photo submitted as evidence.",
          "format": "uri"
        },
        "reportTimestamp": {
          "type": "string",
          "description": "Timestamp of when the report was submitted.",
          "format": "date-time"
        }
      },
      "required": [
        "id",
        "userId",
        "location",
        "incidentType",
        "photoUrl",
        "reportTimestamp"
      ]
    },
    "UserProfile": {
      "$schema": "http://json-schema.org/draft-07/schema#",
      "title": "UserProfile",
      "type": "object",
      "description": "Represents a user profile in the application.",
      "properties": {
        "id": {
          "type": "string",
          "description": "Unique identifier for the user profile."
        },
        "email": {
          "type": "string",
          "description": "Email address of the user.",
          "format": "email"
        },
        "name": {
          "type": "string",
          "description": "Full name of the user."
        }
      },
      "required": [
        "id",
        "email",
        "name"
      ]
    }
  },
  "auth": {
    "providers": [
      "password"
    ]
  },
  "firestore": {
    "structure": [
      {
        "path": "/sensors/{sensorId}",
        "definition": {
          "entityName": "Sensor",
          "schema": {
            "$ref": "#/backend/entities/Sensor"
          },
          "description": "Stores sensor metadata. Includes denormalized 'sensorId' in subcollection waterLevelReadings for authorization independence.",
          "params": [
            {
              "name": "sensorId",
              "description": "Unique identifier for the sensor."
            }
          ]
        }
      },
      {
        "path": "/sensors/{sensorId}/waterLevelReadings/{readingId}",
        "definition": {
          "entityName": "WaterLevelReading",
          "schema": {
            "$ref": "#/backend/entities/WaterLevelReading"
          },
          "description": "Stores water level readings associated with a specific sensor.",
          "params": [
            {
              "name": "sensorId",
              "description": "Unique identifier for the sensor."
            },
            {
              "name": "readingId",
              "description": "Unique identifier for the water level reading."
            }
          ]
        }
      },
      {
        "path": "/incidentReports/{reportId}",
        "definition": {
          "entityName": "IncidentReport",
          "schema": {
            "$ref": "#/backend/entities/IncidentReport"
          },
          "description": "Stores incident reports submitted by users. 'userId' field enables path-based ownership security rules.",
          "params": [
            {
              "name": "reportId",
              "description": "Unique identifier for the incident report."
            }
          ]
        }
      },
      {
        "path": "/userProfiles/{userId}",
        "definition": {
          "entityName": "UserProfile",
          "schema": {
            "$ref": "#/backend/entities/UserProfile"
          },
          "description": "Stores user profile information. 'userId' parameter enables path-based ownership security rules.",
          "params": [
            {
              "name": "userId",
              "description": "Unique identifier for the user profile."
            }
          ]
        }
      },
      {
        "path": "/weather-reports/{reportId}",
        "definition": {
          "entityName": "WeatherReport",
          "schema": {
            "$ref": "#/backend/entities/WeatherReport"
          },
          "description": "Stores daily weather reports.",
          "params": [
            {
              "name": "reportId",
              "description": "Unique identifier for the weather report."
            }
          ]
        }
      }
    ],
    "reasoning": "This Firestore structure is designed to support the Chilca Alerta application's core features: real-time water level monitoring, an interactive map, a user reporting system, and automated alert notifications. The structure prioritizes authorization independence and efficient data retrieval. It incorporates denormalization where necessary to avoid costly `get()` calls in security rules and ensures the security rules remain simple and robust.\n\n**Key Design Choices and Justifications:**\n\n*   **/sensors/{sensorId}**: Stores sensor metadata. Water level readings are stored as a subcollection. This facilitates querying readings for a specific sensor.\n*   **/sensors/{sensorId}/waterLevelReadings/{readingId}**: Stores water level readings associated with each sensor. This parent-child relationship allows for efficient retrieval of historical data and real-time monitoring. Daily aggregations can be easily achieved through a Cloud Function triggered upon writing to a `waterLevelReadings` document, where each new document written triggers a daily aggregation.\n*   **/incidentReports/{reportId}**: Stores incident reports submitted by users. The `userId` is stored within the document, enabling straightforward security rules to control access based on ownership.\n*   **/userProfiles/{userId}**: Stores user profile information. This collection is separate from other data, adhering to the principle of structural segregation. Path-based rules secure user profile data.\n\n**Authorization Independence and Security Rules:**\n\n*   The `incidentReports` collection utilizes path-based ownership. Security rules can easily verify that the `userId` in the document matches `request.auth.uid` without needing to perform any `get()` operations. This ensures authorization independence.\n*   The `sensors` and `waterLevelReadings` collections are designed to be read-only from the client-side perspective, as they are populated via external services and monitored through visualizations. The security rules can reflect this by only allowing authenticated admin users to read these entries.\n\n**QAPs (Rules Are Not Filters):**\n\n*   The structural segregation approach ensures QAPs. Each top-level collection (`sensors`, `incidentReports`, `userProfiles`) has clearly defined and homogeneous security requirements. `list` operations are secured through structural choices.\n\n**Denormalization:**\n\n*   While not explicitly required in this initial design, consider denormalizing sensor location data into the `waterLevelReadings` documents if location-based queries on readings become necessary. This would eliminate the need to `get()` sensor data to filter readings based on location."
  }
}
